{"11": {"8": 0, "10": 0, "16": 0, "17": 0}, "8": {"5": 0, "7": 0, "11": 0}, "19": {"16": 0}, "4": {"1": 0, "3": 0, "5": 0}, "0": {"3": 0}, "14": {"9": 83.99999999999989, "15": 58.53999999999981}, "3": {"0": 0, "4": 0, "6": 0}, "17": {"11": 0}, "13": {"12": 83.99999999999989, "15": 57.53999999942237}, "10": {"7": 0, "9": 0, "11": 0}, "9": {"6": 99.99999999999994, "13": 70.59999999999982, "14": 69.59999999999982}, "7": {"6": 0, "8": 0, "10": 0}, "1": {"4": 0}, "5": {"2": 0, "4": 0, "8": 0}, "18": {"16": 0}, "2": {"5": 0}, "16": {"11": 0, "14": 0, "18": 0, "19": 0}, "15": {"13": 69.59999999999953, "14": 70.59999999999982}, "6": {"3": 0, "9": 0, "12": 0}, "12": {"6": 99.99999999999994, "13": 69.59999990120775}}